{"cameraMode":{"drawMode":0,"name":"Shaded","section":"Shading Mode"},"sceneLighting":true,"audioPlay":false,"sceneViewState":{"showFog":true,"showMaterialUpdate":false,"showSkybox":true,"showFlares":true,"showImageEffects":true,"showParticleSystems":true,"showVisualEffectGraphs":true,"m_FxEnabled":true},"in2DMode":false,"pivot":{"x":13.618980407714844,"y":1.6033661365509034,"z":24.267791748046876},"rotation":{"x":-0.42806896567344668,"y":-0.5424122214317322,"z":0.37612974643707278,"w":-0.6173123121261597},"size":1.1893757581710816,"orthographic":false}