{"cameraMode":{"drawMode":0,"name":"Shaded","section":"Shading Mode"},"sceneLighting":true,"audioPlay":false,"sceneViewState":{"showFog":true,"showMaterialUpdate":false,"showSkybox":false,"showFlares":true,"showImageEffects":true,"showParticleSystems":true,"showVisualEffectGraphs":true,"m_FxEnabled":true},"in2DMode":false,"pivot":{"x":14.011272430419922,"y":1.6027374267578126,"z":21.88907814025879},"rotation":{"x":0.09402426332235336,"y":0.8120969533920288,"z":-0.5595408082008362,"w":0.13646364212036134},"size":0.6621769666671753,"orthographic":false}