{"cameraMode":{"drawMode":0,"name":"Shaded","section":"Shading Mode"},"sceneLighting":true,"audioPlay":false,"sceneViewState":{"showFog":true,"showMaterialUpdate":false,"showSkybox":true,"showFlares":true,"showImageEffects":true,"showParticleSystems":true,"showVisualEffectGraphs":true,"m_FxEnabled":true},"in2DMode":false,"pivot":{"x":45.278812408447269,"y":2.1789891719818117,"z":48.02652359008789},"rotation":{"x":0.00029930565506219864,"y":-0.9996869564056397,"z":-0.014686815440654755,"w":-0.0203898623585701},"size":0.08774185180664063,"orthographic":false}