{"cameraMode":{"drawMode":0,"name":"Shaded","section":"Shading Mode"},"sceneLighting":true,"audioPlay":false,"sceneViewState":{"showFog":true,"showMaterialUpdate":false,"showSkybox":true,"showFlares":true,"showImageEffects":true,"showParticleSystems":true,"showVisualEffectGraphs":true,"m_FxEnabled":true},"in2DMode":false,"pivot":{"x":12.512664794921875,"y":-1.2937960624694825,"z":-19.761980056762697},"rotation":{"x":-0.008423376828432083,"y":0.5636543035507202,"z":0.005738650448620319,"w":0.8259950876235962},"size":6.633205413818359,"orthographic":false}