{"cameraMode":{"drawMode":0,"name":"Shaded","section":"Shading Mode"},"sceneLighting":true,"audioPlay":false,"sceneViewState":{"showFog":true,"showMaterialUpdate":false,"showSkybox":true,"showFlares":true,"showImageEffects":true,"showParticleSystems":true,"showVisualEffectGraphs":true,"m_FxEnabled":true},"in2DMode":false,"pivot":{"x":77.44070434570313,"y":-0.015729904174804689,"z":21.037586212158204},"rotation":{"x":0.23001882433891297,"y":0.7693861722946167,"z":-0.43828636407852175,"w":0.4037840962409973},"size":2.7487056255340578,"orthographic":false}