{"cameraMode":{"drawMode":0,"name":"Shaded","section":"Shading Mode"},"sceneLighting":true,"audioPlay":false,"sceneViewState":{"showFog":true,"showMaterialUpdate":false,"showSkybox":true,"showFlares":true,"showImageEffects":true,"showParticleSystems":true,"showVisualEffectGraphs":true,"m_FxEnabled":true},"in2DMode":false,"pivot":{"x":7.668254852294922,"y":2.1011924743652345,"z":7.916147708892822},"rotation":{"x":0.0926516205072403,"y":-0.10552950203418732,"z":0.009877271018922329,"w":0.9900619983673096},"size":0.3123326897621155,"orthographic":false}